{"cameraMode":{"drawMode":0,"name":"Shaded","section":"Shading Mode"},"sceneLighting":false,"audioPlay":false,"sceneViewState":{"showFog":true,"showMaterialUpdate":false,"showSkybox":false,"showFlares":true,"showImageEffects":true,"showParticleSystems":true},"in2DMode":false,"pivot":{"x":-1.996500015258789,"y":1.986299991607666,"z":1.9725499153137208},"rotation":{"x":-0.27893969416618349,"y":-0.0716472789645195,"z":0.020870789885520936,"w":-0.9574124813079834},"size":3.7923171520233156,"orthographic":false}