{"cameraMode":{"drawMode":0,"name":"Shaded","section":"Shading Mode"},"sceneLighting":false,"audioPlay":false,"sceneViewState":{"showFog":true,"showMaterialUpdate":false,"showSkybox":false,"showFlares":true,"showImageEffects":true,"showParticleSystems":true},"in2DMode":false,"pivot":{"x":2.580109119415283,"y":0.46007344126701357,"z":0.14127349853515626},"rotation":{"x":-0.045834776014089587,"y":-0.15971356630325318,"z":-0.00777168944478035,"w":0.986140787601471},"size":3.537743091583252,"orthographic":false}