{"cameraMode":{"drawMode":0,"name":"Shaded","section":"Shading Mode"},"sceneLighting":false,"audioPlay":false,"sceneViewState":{"showFog":true,"showMaterialUpdate":false,"showSkybox":false,"showFlares":true,"showImageEffects":true,"showParticleSystems":true},"in2DMode":false,"pivot":{"x":2.2797226905822756,"y":2.098546266555786,"z":-4.377050399780273},"rotation":{"x":0.26145559549331667,"y":0.08233097195625305,"z":-0.022385673597455026,"w":0.9615199565887451},"size":2.8311879634857179,"orthographic":false}