{"cameraMode":{"drawMode":0,"name":"Shaded","section":"Shading Mode"},"sceneLighting":false,"audioPlay":false,"sceneViewState":{"showFog":true,"showMaterialUpdate":false,"showSkybox":false,"showFlares":true,"showImageEffects":true,"showParticleSystems":true},"in2DMode":false,"pivot":{"x":2.1425673961639406,"y":0.5877698659896851,"z":-2.895214080810547},"rotation":{"x":-0.0001923231320688501,"y":-0.9844046235084534,"z":-0.0030146657954901458,"w":0.1763029545545578},"size":3.0439491271972658,"orthographic":false}