{"cameraMode":{"drawMode":0,"name":"Shaded","section":"Shading Mode"},"sceneLighting":true,"audioPlay":false,"sceneViewState":{"showFog":true,"showMaterialUpdate":false,"showSkybox":true,"showFlares":true,"showImageEffects":true,"showParticleSystems":true},"in2DMode":false,"pivot":{"x":1.7288212776184083,"y":-1.5598411560058594,"z":-3.806206703186035},"rotation":{"x":0.00644029350951314,"y":0.9680163264274597,"z":-0.24955801665782929,"w":0.02498127520084381},"size":8.000847816467286,"orthographic":false}