{"cameraMode":{"drawMode":0,"name":"Shaded","section":"Shading Mode"},"sceneLighting":false,"audioPlay":false,"sceneViewState":{"showFog":true,"showMaterialUpdate":false,"showSkybox":false,"showFlares":true,"showImageEffects":true,"showParticleSystems":true},"in2DMode":false,"pivot":{"x":1.9999990463256837,"y":1.0000498294830323,"z":-2.0000016689300539},"rotation":{"x":-0.27893969416618349,"y":-0.0716472789645195,"z":0.020870789885520936,"w":-0.9574124813079834},"size":2.5721611976623537,"orthographic":false}