{"cameraMode":{"drawMode":0,"name":"Shaded","section":"Shading Mode"},"sceneLighting":true,"audioPlay":false,"sceneViewState":{"showFog":true,"showMaterialUpdate":false,"showSkybox":false,"showFlares":true,"showImageEffects":true,"showParticleSystems":true},"in2DMode":false,"pivot":{"x":5.218574047088623,"y":-0.11838245391845703,"z":-3.533097743988037},"rotation":{"x":0.2809489071369171,"y":-0.7028236389160156,"z":0.3632074296474457,"w":0.5436059236526489},"size":6.6495232582092289,"orthographic":false}