{"cameraMode":{"drawMode":0,"name":"Shaded","section":"Shading Mode"},"sceneLighting":false,"audioPlay":false,"sceneViewState":{"showFog":true,"showMaterialUpdate":false,"showSkybox":false,"showFlares":true,"showImageEffects":true,"showParticleSystems":true},"in2DMode":false,"pivot":{"x":1.7458609342575074,"y":2.1271023750305177,"z":-0.4594065248966217},"rotation":{"x":0.048847734928131106,"y":-0.8780596852302551,"z":0.09104643762111664,"w":0.4674237370491028},"size":3.5060064792633058,"orthographic":false}