{"cameraMode":{"drawMode":0,"name":"Shaded","section":"Shading Mode"},"sceneLighting":true,"audioPlay":false,"sceneViewState":{"showFog":true,"showMaterialUpdate":false,"showSkybox":false,"showFlares":true,"showImageEffects":true,"showParticleSystems":true},"in2DMode":false,"pivot":{"x":-0.645750880241394,"y":4.1711530685424809,"z":-3.1452674865722658},"rotation":{"x":-0.1446690559387207,"y":0.2822752892971039,"z":-0.04300693795084953,"w":-0.9474334716796875},"size":0.9495221972465515,"orthographic":false}