{"cameraMode":{"drawMode":0,"name":"Shaded","section":"Shading Mode"},"sceneLighting":false,"audioPlay":false,"sceneViewState":{"showFog":true,"showMaterialUpdate":false,"showSkybox":false,"showFlares":true,"showImageEffects":true,"showParticleSystems":true},"in2DMode":false,"pivot":{"x":6.305380344390869,"y":3.058774948120117,"z":0.5261216163635254},"rotation":{"x":-0.27893969416618349,"y":-0.0716472789645195,"z":0.020870789885520936,"w":-0.9574124813079834},"size":4.531278610229492,"orthographic":false}