{"cameraMode":{"drawMode":0,"name":"Shaded","section":"Shading Mode"},"sceneLighting":false,"audioPlay":false,"sceneViewState":{"showFog":false,"showMaterialUpdate":false,"showSkybox":false,"showFlares":false,"showImageEffects":false,"showParticleSystems":false},"in2DMode":false,"pivot":{"x":-0.5637140274047852,"y":2.7037904262542726,"z":-0.6112637519836426},"rotation":{"x":0.14654028415679933,"y":-0.7463312745094299,"z":0.1740674078464508,"w":0.6258186101913452},"size":3.707106351852417,"orthographic":false}