{"cameraMode":{"drawMode":0,"name":"Shaded","section":"Shading Mode"},"sceneLighting":false,"audioPlay":false,"sceneViewState":{"showFog":true,"showMaterialUpdate":false,"showSkybox":false,"showFlares":true,"showImageEffects":true,"showParticleSystems":true},"in2DMode":false,"pivot":{"x":1.6618822813034058,"y":3.769613265991211,"z":1.0087610483169556},"rotation":{"x":-0.3280143141746521,"y":0.3807969391345978,"z":-0.14660462737083436,"w":-0.8520115613937378},"size":5.085148811340332,"orthographic":false}